code,name,mv_mean,amount_mean,num_days,profit
600702.SH,…·µ√æ∆“µ,6654043.758989858,2245927.097448276,232,1245654521.13
