code,name,mv_mean,amount_mean,num_days,profit
600702.SH,舍得酒业,6654043.758989858,2245927.097448276,232,1245654521.13
603779.SH,威龙股份,255245.3740384368,64308.02001724138,174,-414035672.13
