code,name,mv_mean,amount_mean,num_days,profit,code,name,mv_mean,amount_mean,num_days,profit
000516.SZ,国际医学,3007062.758639835,673818.3723186813,182,-822169217.83,300143.SZ,盈康生命,1038557.2537411618,146571.01026970954,241.0,-364080340.52
002065.SZ,东华软件,2358413.265171162,245764.7973278009,241,459524309.55,300451.SZ,创业慧康,1321153.199668357,180188.13490456436,241.0,413039235.38
688617.SH,惠泰医疗,2022954.2546887968,105692.94845643154,241,207921095.5,688222.SH,成都先导,964026.1045643152,68094.21086721992,241.0,63383837.59
688315.SH,诺禾致源,1710938.029045643,74907.66928630705,241,224986098.35,688277.SH,天智航-U,1033191.3230758174,87783.87308713693,241.0,-79933159.39
300168.SZ,万达信息,1489866.9696986142,173593.18970539418,241,69241554.98,,,,,,
