code,name,mv_mean,amount_mean,num_days,profit,code,name,mv_mean,amount_mean,num_days,profit
300760.SZ,迈瑞医疗,45270403.89249247,1853735.442485477,241,8001553606.0,002901.SZ,大博医疗,2165231.406983569,85936.74815767635,241,673309413.17
688363.SH,华熙生物,8575854.949748889,578219.6457593361,241,782334573.48,300482.SZ,万孚生物,2161195.271489195,604199.7925020747,241,634433145.2
603882.SH,金域医学,5005543.746426245,477951.3295020747,241,2219640445.22,300009.SZ,安科生物,2087345.066483581,355028.01650622406,241,206629495.23
688180.SH,君实生物-U,4729062.06093361,537523.5567053942,241,-720909747.05,600201.SH,生物股份,1795636.0172292532,236527.09570954356,241,382286663.1
300363.SZ,博腾股份,4589815.09855139,644510.3534232365,241,523915383.33,300463.SZ,迈克生物,1795205.4307479667,249846.77352282158,241,956604404.94
300003.SZ,乐普医疗,4484051.5416902695,552432.5727344399,241,1719324578.02,300298.SZ,三诺生物,1491785.5082470125,70416.15384647303,241,107569179.71
